Workbook
Name DT.BREATH: Table5[DT.Breath]
Name DT.Patch: Table8[DT.Patch]
Name DT.Swab: Table6[DT.Swab]
Name DT.Sweat: Table9[DT.Sweat]
Name DT.Urine: Table7[DT.Urine]
Name EL: Sheet1!$AW$8:$AW$9
Name F: Sheet1!$AU$8:$AU$9
Name FS.IH: Table3[[#All],[Prep - Advance Cancel]]
Name FS.OH: Sheet2!$G$2:$G$5
Name H: Sheet1!$AT$8:$AT$9
Name M: Sheet1!$AQ$8:$AQ$9
Name O: Sheet1!$AS$8:$AS$9
Name PL: Sheet1!$AV$8:$AV$9
Name PT: Sheet2!$E$2:$E$6
Name S: Sheet1!$AR$8:$AR$9
Name T: Sheet1!$AP$8:$AP$9
Name table: Sheet1!$M$8:$P$97

Sheet Sheet1
A1: Version- 9.8 | AE1: * | AF1: 0.25 | AI1: Hours | AJ1: Minutes | AK1: Input hours and minutes to get total minutes. If you drive 1 hour 22 mins.
O2: Name: | S2: I certify these hours are true and accurate to the best of my knowledge. | AD2: =(1/1440*24) | AE2: 1 | AF2: 0.25 | AI2: 0.94375 | AJ2: =(AI2*1440)/24 | AK2: Input as 1:22 for total minutes of 82
M3: V=Vac | AD3: =(2/1440*24) | AE3: 2 | AF3: 0.25
M4: S=Sick | O4: Supervisor: | AD4: =(3/1440*24) | AE4: 3 | AF4: 0.25
M5: H=Holiday | AD5: =(4/1440*24) | AE5: 4 | AF5: 0.25
O6: Pay Period: | S6: Employee Signature/Date | AD6: =(5/1440*24) | AE6: 5 | AF6: 0.25
AD7: =(6/1440*24) | AE7: 6 | AF7: 0.25
A8: SERVICE TYPES | B8: SERVICE CHOICES PREP VIRTUAL | C8: TRAVEL COMMENTS | D8: Last Name, First Name Name of Client(s) | E8: Master Case # (will autofind by column D) | F8: Date of Service MM/DD/YY | G8: hrs:mins Time in | H8: hrs:mins Time out | I8: Drive From Address | J8: Drive To Address | K8: Miles | L8: Staff Name (First and Last Name Initials) | M8: Paid Leave (V, S, H) | N8: Paid Hours | O8: Meeting in hours | P8: Training in hours | Q8: Transport Bill Time (in hrs) | R8: Drive Non-Bill in hours | S8: Doc Time in hours | T8: Mileage Adjustment | U8: Odometer Start | V8: Odometer Stop | W8: Total Mileage | X8: Billable Hours | Y8: IndHrs - Drive Non-Bill | Z8: Indirect Hours | AA8: Drive Total (in hrs) | AB8: DAILY TOTAL | AC8: Mileage Reimb. | AD8: =(7/1440*24) | AE8: 7 | AF8: 0.25
E9: 466399 | Q9: =SUM(IF((OR(A9="Travel-PT",A9="Travel-FS-OH",A9="Travel-FS-IH")),(((((H9-G9)*1440)/24)*24)/1440*24),0)) | W9: =V9-U9 | X9: =SUM(IF((OR(G9="",H9="")),0,IF((H9<G9),(((H9-G9)*1440)/24)+24,(H9-G9)*1440)/24)*24)/1440*24 | Y9: =R9 | Z9: =(N9+O9+P9+S9) | AA9: =Q9+R9 | AB9: =N9+O9+P9+S9+X9+Y9 | AC9: =(W9-T9)*0.545 | AD9: =(8/1440*24) | AE9: 8 | AF9: 0.25
E10: 466399 | Q10: =SUM(IF((OR(A10="Travel-PT",A10="Travel-FS-OH",A10="Travel-FS-IH")),(((((H10-G10)*1440)/24)*24)/1440*24),0)) | W10: =V10-U10 | X10: =SUM(IF((OR(G10="",H10="")),0,IF((H10<G10),(((H10-G10)*1440)/24)+24,(H10-G10)*1440)/24)*24)/1440*24 | Y10: =R10 | Z10: =(N10+O10+P10+S10) | AA10: =Q10+R10 | AB10: =N10+O10+P10+S10+X10+Y10 | AC10: =(W10-T10)*0.545 | AD10: =(9/1440*24) | AE10: 9 | AF10: 0.25
E11: 466399 | Q11: =SUM(IF((OR(A11="Travel-PT",A11="Travel-FS-OH",A11="Travel-FS-IH")),(((((H11-G11)*1440)/24)*24)/1440*24),0)) | W11: =V11-U11 | X11: =SUM(IF((OR(G11="",H11="")),0,IF((H11<G11),(((H11-G11)*1440)/24)+24,(H11-G11)*1440)/24)*24)/1440*24 | Y11: =R11 | Z11: =(N11+O11+P11+S11) | AA11: =Q11+R11 | AB11: =N11+O11+P11+S11+X11+Y11 | AC11: =(W11-T11)*0.545 | AD11: =(10/1440*24) | AE11: 10 | AF11: 0.25
E12: =IFERROR(VLOOKUP(D12,Sheet3!A$1:B$50,2,FALSE),"") | Q12: =SUM(IF((OR(A12="Travel-PT",A12="Travel-FS-OH",A12="Travel-FS-IH")),(((((H12-G12)*1440)/24)*24)/1440*24),0)) | W12: =V12-U12 | X12: =SUM(IF((OR(G12="",H12="")),0,IF((H12<G12),(((H12-G12)*1440)/24)+24,(H12-G12)*1440)/24)*24)/1440*24 | Y12: =R12 | Z12: =(N12+O12+P12+S12) | AA12: =Q12+R12 | AB12: =N12+O12+P12+S12+X12+Y12 | AC12: =(W12-T12)*0.545 | AD12: =(11/1440*24) | AE12: 11 | AF12: 0.25
E13: 190820 | Q13: =SUM(IF((OR(A13="Travel-PT",A13="Travel-FS-OH",A13="Travel-FS-IH")),(((((H13-G13)*1440)/24)*24)/1440*24),0)) | W13: =V13-U13 | X13: =SUM(IF((OR(G13="",H13="")),0,IF((H13<G13),(((H13-G13)*1440)/24)+24,(H13-G13)*1440)/24)*24)/1440*24 | Y13: =R13 | Z13: =(N13+O13+P13+S13) | AA13: =Q13+R13 | AB13: =N13+O13+P13+S13+X13+Y13 | AC13: =(W13-T13)*0.545 | AD13: =(12/1440*24) | AE13: 12 | AF13: 0.25
E14: 190820 | Q14: =SUM(IF((OR(A14="Travel-PT",A14="Travel-FS-OH",A14="Travel-FS-IH")),(((((H14-G14)*1440)/24)*24)/1440*24),0)) | W14: =V14-U14 | X14: =SUM(IF((OR(G14="",H14="")),0,IF((H14<G14),(((H14-G14)*1440)/24)+24,(H14-G14)*1440)/24)*24)/1440*24 | Y14: =R14 | Z14: =(N14+O14+P14+S14) | AA14: =Q14+R14 | AB14: =N14+O14+P14+S14+X14+Y14 | AC14: =(W14-T14)*0.545 | AD14: =(13/1440*24) | AE14: 13 | AF14: 0.25
E15: 190820 | Q15: =SUM(IF((OR(A15="Travel-PT",A15="Travel-FS-OH",A15="Travel-FS-IH")),(((((H15-G15)*1440)/24)*24)/1440*24),0)) | W15: =V15-U15 | X15: =SUM(IF((OR(G15="",H15="")),0,IF((H15<G15),(((H15-G15)*1440)/24)+24,(H15-G15)*1440)/24)*24)/1440*24 | Y15: =R15 | Z15: =(N15+O15+P15+S15) | AA15: =Q15+R15 | AB15: =N15+O15+P15+S15+X15+Y15 | AC15: =(W15-T15)*0.545 | AD15: =(14/1440*24) | AE15: 14 | AF15: 0.25
E16: 190820 | Q16: =SUM(IF((OR(A16="Travel-PT",A16="Travel-FS-OH",A16="Travel-FS-IH")),(((((H16-G16)*1440)/24)*24)/1440*24),0)) | W16: =V16-U16 | X16: =SUM(IF((OR(G16="",H16="")),0,IF((H16<G16),(((H16-G16)*1440)/24)+24,(H16-G16)*1440)/24)*24)/1440*24 | Y16: =R16 | Z16: =(N16+O16+P16+S16) | AA16: =Q16+R16 | AB16: =N16+O16+P16+S16+X16+Y16 | AC16: =(W16-T16)*0.545 | AD16: =(15/1440*24) | AE16: 15 | AF16: 0.25
E17: =IFERROR(VLOOKUP(D17,Sheet3!A$1:B$50,2,FALSE),"") | Q17: =SUM(IF((OR(A17="Travel-PT",A17="Travel-FS-OH",A17="Travel-FS-IH")),(((((H17-G17)*1440)/24)*24)/1440*24),0)) | W17: =V17-U17 | X17: =SUM(IF((OR(G17="",H17="")),0,IF((H17<G17),(((H17-G17)*1440)/24)+24,(H17-G17)*1440)/24)*24)/1440*24 | Y17: =R17 | Z17: =(N17+O17+P17+S17) | AA17: =Q17+R17 | AB17: =N17+O17+P17+S17+X17+Y17 | AC17: =(W17-T17)*0.545 | AD17: =(16/1440*24) | AE17: 16 | AF17: 0.5
E18: 466399 | Q18: =SUM(IF((OR(A18="Travel-PT",A18="Travel-FS-OH",A18="Travel-FS-IH")),(((((H18-G18)*1440)/24)*24)/1440*24),0)) | W18: =V18-U18 | X18: =SUM(IF((OR(G18="",H18="")),0,IF((H18<G18),(((H18-G18)*1440)/24)+24,(H18-G18)*1440)/24)*24)/1440*24 | Y18: =R18 | Z18: =(N18+O18+P18+S18) | AA18: =Q18+R18 | AB18: =N18+O18+P18+S18+X18+Y18 | AC18: =(W18-T18)*0.545 | AD18: =(17/1440*24) | AE18: 17 | AF18: 0.5
E19: 466399 | Q19: =SUM(IF((OR(A19="Travel-PT",A19="Travel-FS-OH",A19="Travel-FS-IH")),(((((H19-G19)*1440)/24)*24)/1440*24),0)) | W19: =V19-U19 | X19: =SUM(IF((OR(G19="",H19="")),0,IF((H19<G19),(((H19-G19)*1440)/24)+24,(H19-G19)*1440)/24)*24)/1440*24 | Y19: =R19 | Z19: =(N19+O19+P19+S19) | AA19: =Q19+R19 | AB19: =N19+O19+P19+S19+X19+Y19 | AC19: =(W19-T19)*0.545 | AD19: =(18/1440*24) | AE19: 18 | AF19: 0.5
E20: 466399 | Q20: =SUM(IF((OR(A20="Travel-PT",A20="Travel-FS-OH",A20="Travel-FS-IH")),(((((H20-G20)*1440)/24)*24)/1440*24),0)) | W20: =V20-U20 | X20: =SUM(IF((OR(G20="",H20="")),0,IF((H20<G20),(((H20-G20)*1440)/24)+24,(H20-G20)*1440)/24)*24)/1440*24 | Y20: =R20 | Z20: =(N20+O20+P20+S20) | AA20: =Q20+R20 | AB20: =N20+O20+P20+S20+X20+Y20 | AC20: =(W20-T20)*0.545 | AD20: =(19/1440*24) | AE20: 19 | AF20: 0.5
E21: 466399 | Q21: =SUM(IF((OR(A21="Travel-PT",A21="Travel-FS-OH",A21="Travel-FS-IH")),(((((H21-G21)*1440)/24)*24)/1440*24),0)) | W21: =V21-U21 | X21: =SUM(IF((OR(G21="",H21="")),0,IF((H21<G21),(((H21-G21)*1440)/24)+24,(H21-G21)*1440)/24)*24)/1440*24 | Y21: =R21 | Z21: =(N21+O21+P21+S21) | AA21: =Q21+R21 | AB21: =N21+O21+P21+S21+X21+Y21 | AC21: =(W21-T21)*0.545
E22: 466399 | Q22: =SUM(IF((OR(A22="Travel-PT",A22="Travel-FS-OH",A22="Travel-FS-IH")),(((((H22-G22)*1440)/24)*24)/1440*24),0)) | W22: =V22-U22 | X22: =SUM(IF((OR(G22="",H22="")),0,IF((H22<G22),(((H22-G22)*1440)/24)+24,(H22-G22)*1440)/24)*24)/1440*24 | Y22: =R22 | Z22: =(N22+O22+P22+S22) | AA22: =Q22+R22 | AB22: =N22+O22+P22+S22+X22+Y22 | AC22: =(W22-T22)*0.545
E23: 466399 | Q23: =SUM(IF((OR(A23="Travel-PT",A23="Travel-FS-OH",A23="Travel-FS-IH")),(((((H23-G23)*1440)/24)*24)/1440*24),0)) | W23: =V23-U23 | X23: =SUM(IF((OR(G23="",H23="")),0,IF((H23<G23),(((H23-G23)*1440)/24)+24,(H23-G23)*1440)/24)*24)/1440*24 | Y23: =R23 | Z23: =(N23+O23+P23+S23) | AA23: =Q23+R23 | AB23: =N23+O23+P23+S23+X23+Y23 | AC23: =(W23-T23)*0.545
E24: 466399 | Q24: =SUM(IF((OR(A24="Travel-PT",A24="Travel-FS-OH",A24="Travel-FS-IH")),(((((H24-G24)*1440)/24)*24)/1440*24),0)) | W24: =V24-U24 | X24: =SUM(IF((OR(G24="",H24="")),0,IF((H24<G24),(((H24-G24)*1440)/24)+24,(H24-G24)*1440)/24)*24)/1440*24 | Y24: =R24 | Z24: =(N24+O24+P24+S24) | AA24: =Q24+R24 | AB24: =N24+O24+P24+S24+X24+Y24 | AC24: =(W24-T24)*0.545
E25: 466399 | Q25: =SUM(IF((OR(A25="Travel-PT",A25="Travel-FS-OH",A25="Travel-FS-IH")),(((((H25-G25)*1440)/24)*24)/1440*24),0)) | W25: =V25-U25 | X25: =SUM(IF((OR(G25="",H25="")),0,IF((H25<G25),(((H25-G25)*1440)/24)+24,(H25-G25)*1440)/24)*24)/1440*24 | Y25: =R25 | Z25: =(N25+O25+P25+S25) | AA25: =Q25+R25 | AB25: =N25+O25+P25+S25+X25+Y25 | AC25: =(W25-T25)*0.545
E26: 466399 | Q26: =SUM(IF((OR(A26="Travel-PT",A26="Travel-FS-OH",A26="Travel-FS-IH")),(((((H26-G26)*1440)/24)*24)/1440*24),0)) | W26: =V26-U26 | X26: =SUM(IF((OR(G26="",H26="")),0,IF((H26<G26),(((H26-G26)*1440)/24)+24,(H26-G26)*1440)/24)*24)/1440*24 | Y26: =R26 | Z26: =(N26+O26+P26+S26) | AA26: =Q26+R26 | AB26: =N26+O26+P26+S26+X26+Y26 | AC26: =(W26-T26)*0.545
E27: 466399 | Q27: =SUM(IF((OR(A27="Travel-PT",A27="Travel-FS-OH",A27="Travel-FS-IH")),(((((H27-G27)*1440)/24)*24)/1440*24),0)) | W27: =V27-U27 | X27: =SUM(IF((OR(G27="",H27="")),0,IF((H27<G27),(((H27-G27)*1440)/24)+24,(H27-G27)*1440)/24)*24)/1440*24 | Y27: =R27 | Z27: =(N27+O27+P27+S27) | AA27: =Q27+R27 | AB27: =N27+O27+P27+S27+X27+Y27 | AC27: =(W27-T27)*0.545
E28: 466399 | Q28: =SUM(IF((OR(A28="Travel-PT",A28="Travel-FS-OH",A28="Travel-FS-IH")),(((((H28-G28)*1440)/24)*24)/1440*24),0)) | W28: =V28-U28 | X28: =SUM(IF((OR(G28="",H28="")),0,IF((H28<G28),(((H28-G28)*1440)/24)+24,(H28-G28)*1440)/24)*24)/1440*24 | Y28: =R28 | Z28: =(N28+O28+P28+S28) | AA28: =Q28+R28 | AB28: =N28+O28+P28+S28+X28+Y28 | AC28: =(W28-T28)*0.545
E29: 466399 | Q29: =SUM(IF((OR(A29="Travel-PT",A29="Travel-FS-OH",A29="Travel-FS-IH")),(((((H29-G29)*1440)/24)*24)/1440*24),0)) | W29: =V29-U29 | X29: =SUM(IF((OR(G29="",H29="")),0,IF((H29<G29),(((H29-G29)*1440)/24)+24,(H29-G29)*1440)/24)*24)/1440*24 | Y29: =R29 | Z29: =(N29+O29+P29+S29) | AA29: =Q29+R29 | AB29: =N29+O29+P29+S29+X29+Y29 | AC29: =(W29-T29)*0.545
E30: 466399 | Q30: =SUM(IF((OR(A30="Travel-PT",A30="Travel-FS-OH",A30="Travel-FS-IH")),(((((H30-G30)*1440)/24)*24)/1440*24),0)) | W30: =V30-U30 | X30: =SUM(IF((OR(G30="",H30="")),0,IF((H30<G30),(((H30-G30)*1440)/24)+24,(H30-G30)*1440)/24)*24)/1440*24 | Y30: =R30 | Z30: =(N30+O30+P30+S30) | AA30: =Q30+R30 | AB30: =N30+O30+P30+S30+X30+Y30 | AC30: =(W30-T30)*0.545
E31: 466399 | Q31: =SUM(IF((OR(A31="Travel-PT",A31="Travel-FS-OH",A31="Travel-FS-IH")),(((((H31-G31)*1440)/24)*24)/1440*24),0)) | W31: =V31-U31 | X31: =SUM(IF((OR(G31="",H31="")),0,IF((H31<G31),(((H31-G31)*1440)/24)+24,(H31-G31)*1440)/24)*24)/1440*24 | Y31: =R31 | Z31: =(N31+O31+P31+S31) | AA31: =Q31+R31 | AB31: =N31+O31+P31+S31+X31+Y31 | AC31: =(W31-T31)*0.545
E32: 466399 | Q32: =SUM(IF((OR(A32="Travel-PT",A32="Travel-FS-OH",A32="Travel-FS-IH")),(((((H32-G32)*1440)/24)*24)/1440*24),0)) | W32: =V32-U32 | X32: =SUM(IF((OR(G32="",H32="")),0,IF((H32<G32),(((H32-G32)*1440)/24)+24,(H32-G32)*1440)/24)*24)/1440*24 | Y32: =R32 | Z32: =(N32+O32+P32+S32) | AA32: =Q32+R32 | AB32: =N32+O32+P32+S32+X32+Y32 | AC32: =(W32-T32)*0.545
... E34: 466399 | Q34: =SUM(IF((OR(A34="Travel-PT",A34="Travel-FS-OH",A34="Travel-FS-IH")),(((((H34-G34)*1440)/24)*24)/1440*24),0)) | W34: =V34-U34 | X34: =SUM(IF((OR(G34="",H34="")),0,IF((H34<G34),(((H34-G34)*1440)/24)+24,(H34-G34)*1440)/24)*24)/1440*24 | Y34: =R34 | Z34: =(N34+O34+P34+S34) | AA34: =Q34+R34 | AB34: =N34+O34+P34+S34+X34+Y34 | AC34: =(W34-T34)*0.545
E35: 466399 | Q35: =SUM(IF((OR(#REF!="Travel-PT",#REF!="Travel-FS-OH",#REF!="Travel-FS-IH")),(((((H35-G35)*1440)/24)*24)/1440*24),0)) | W35: =V35-U35 | X35: =SUM(IF((OR(G35="",H35="")),0,IF((H35<G35),(((H35-G35)*1440)/24)+24,(H35-G35)*1440)/24)*24)/1440*24 | Y35: =R35 | Z35: =(N35+O35+P35+S35) | AA35: =Q35+R35 | AB35: =N35+O35+P35+S35+X35+Y35 | AC35: =(W35-T35)*0.545
E36: =IFERROR(VLOOKUP(D36,Sheet3!A$1:B$50,2,FALSE),"") | Q36: =SUM(IF((OR(A35="Travel-PT",A35="Travel-FS-OH",A35="Travel-FS-IH")),(((((H36-G36)*1440)/24)*24)/1440*24),0)) | W36: =V36-U36 | X36: =SUM(IF((OR(G36="",H36="")),0,IF((H36<G36),(((H36-G36)*1440)/24)+24,(H36-G36)*1440)/24)*24)/1440*24 | Y36: =R36 | Z36: =(N36+O36+P36+S36) | AA36: =Q36+R36 | AB36: =N36+O36+P36+S36+X36+Y36 | AC36: =(W36-T36)*0.545
E37: =IFERROR(VLOOKUP(D37,Sheet3!A$1:B$50,2,FALSE),"") | Q37: =SUM(IF((OR(A37="Travel-PT",A37="Travel-FS-OH",A37="Travel-FS-IH")),(((((H37-G37)*1440)/24)*24)/1440*24),0)) | W37: =V37-U37 | X37: =SUM(IF((OR(G37="",H37="")),0,IF((H37<G37),(((H37-G37)*1440)/24)+24,(H37-G37)*1440)/24)*24)/1440*24 | Y37: =R37 | Z37: =(N37+O37+P37+S37) | AA37: =Q37+R37 | AB37: =N37+O37+P37+S37+X37+Y37 | AC37: =(W37-T37)*0.545
E38: =IFERROR(VLOOKUP(D38,Sheet3!A$1:B$50,2,FALSE),"") | Q38: =SUM(IF((OR(A38="Travel-PT",A38="Travel-FS-OH",A38="Travel-FS-IH")),(((((H38-G38)*1440)/24)*24)/1440*24),0)) | W38: =V38-U38 | X38: =SUM(IF((OR(G38="",H38="")),0,IF((H38<G38),(((H38-G38)*1440)/24)+24,(H38-G38)*1440)/24)*24)/1440*24 | Y38: =R38 | Z38: =(N38+O38+P38+S38) | AA38: =Q38+R38 | AB38: =N38+O38+P38+S38+X38+Y38 | AC38: =(W38-T38)*0.545
E39: =IFERROR(VLOOKUP(D39,Sheet3!A$1:B$50,2,FALSE),"") | Q39: =SUM(IF((OR(A39="Travel-PT",A39="Travel-FS-OH",A39="Travel-FS-IH")),(((((H39-G39)*1440)/24)*24)/1440*24),0)) | W39: =V39-U39 | X39: =SUM(IF((OR(G39="",H39="")),0,IF((H39<G39),(((H39-G39)*1440)/24)+24,(H39-G39)*1440)/24)*24)/1440*24 | Y39: =R39 | Z39: =(N39+O39+P39+S39) | AA39: =Q39+R39 | AB39: =N39+O39+P39+S39+X39+Y39 | AC39: =(W39-T39)*0.545
E40: =IFERROR(VLOOKUP(D40,Sheet3!A$1:B$50,2,FALSE),"") | Q40: =SUM(IF((OR(A40="Travel-PT",A40="Travel-FS-OH",A40="Travel-FS-IH")),(((((H40-G40)*1440)/24)*24)/1440*24),0)) | W40: =V40-U40 | X40: =SUM(IF((OR(G40="",H40="")),0,IF((H40<G40),(((H40-G40)*1440)/24)+24,(H40-G40)*1440)/24)*24)/1440*24 | Y40: =R40 | Z40: =(N40+O40+P40+S40) | AA40: =Q40+R40 | AB40: =N40+O40+P40+S40+X40+Y40 | AC40: =(W40-T40)*0.545
E41: =IFERROR(VLOOKUP(D41,Sheet3!A$1:B$50,2,FALSE),"") | Q41: =SUM(IF((OR(A41="Travel-PT",A41="Travel-FS-OH",A41="Travel-FS-IH")),(((((H41-G41)*1440)/24)*24)/1440*24),0)) | W41: =V41-U41 | X41: =SUM(IF((OR(G41="",H41="")),0,IF((H41<G41),(((H41-G41)*1440)/24)+24,(H41-G41)*1440)/24)*24)/1440*24 | Y41: =R41 | Z41: =(N41+O41+P41+S41) | AA41: =Q41+R41 | AB41: =N41+O41+P41+S41+X41+Y41 | AC41: =(W41-T41)*0.545
E42: =IFERROR(VLOOKUP(D42,Sheet3!A$1:B$50,2,FALSE),"") | Q42: =SUM(IF((OR(A42="Travel-PT",A42="Travel-FS-OH",A42="Travel-FS-IH")),(((((H42-G42)*1440)/24)*24)/1440*24),0)) | W42: =V42-U42 | X42: =SUM(IF((OR(G42="",H42="")),0,IF((H42<G42),(((H42-G42)*1440)/24)+24,(H42-G42)*1440)/24)*24)/1440*24 | Y42: =R42 | Z42: =(N42+O42+P42+S42) | AA42: =Q42+R42 | AB42: =N42+O42+P42+S42+X42+Y42 | AC42: =(W42-T42)*0.545
E43: =IFERROR(VLOOKUP(D43,Sheet3!A$1:B$50,2,FALSE),"") | Q43: =SUM(IF((OR(A43="Travel-PT",A43="Travel-FS-OH",A43="Travel-FS-IH")),(((((H43-G43)*1440)/24)*24)/1440*24),0)) | W43: =V43-U43 | X43: =SUM(IF((OR(G43="",H43="")),0,IF((H43<G43),(((H43-G43)*1440)/24)+24,(H43-G43)*1440)/24)*24)/1440*24 | Y43: =R43 | Z43: =(N43+O43+P43+S43) | AA43: =Q43+R43 | AB43: =N43+O43+P43+S43+X43+Y43 | AC43: =(W43-T43)*0.545
E44: =IFERROR(VLOOKUP(D44,Sheet3!A$1:B$50,2,FALSE),"") | Q44: =SUM(IF((OR(A44="Travel-PT",A44="Travel-FS-OH",A44="Travel-FS-IH")),(((((H44-G44)*1440)/24)*24)/1440*24),0)) | W44: =V44-U44 | X44: =SUM(IF((OR(G44="",H44="")),0,IF((H44<G44),(((H44-G44)*1440)/24)+24,(H44-G44)*1440)/24)*24)/1440*24 | Y44: =R44 | Z44: =(N44+O44+P44+S44) | AA44: =Q44+R44 | AB44: =N44+O44+P44+S44+X44+Y44 | AC44: =(W44-T44)*0.545
E45: =IFERROR(VLOOKUP(D45,Sheet3!A$1:B$50,2,FALSE),"") | Q45: =SUM(IF((OR(A45="Travel-PT",A45="Travel-FS-OH",A45="Travel-FS-IH")),(((((H45-G45)*1440)/24)*24)/1440*24),0)) | W45: =V45-U45 | X45: =SUM(IF((OR(G45="",H45="")),0,IF((H45<G45),(((H45-G45)*1440)/24)+24,(H45-G45)*1440)/24)*24)/1440*24 | Y45: =R45 | Z45: =(N45+O45+P45+S45) | AA45: =Q45+R45 | AB45: =N45+O45+P45+S45+X45+Y45 | AC45: =(W45-T45)*0.545
E46: =IFERROR(VLOOKUP(D46,Sheet3!A$1:B$50,2,FALSE),"") | Q46: =SUM(IF((OR(A46="Travel-PT",A46="Travel-FS-OH",A46="Travel-FS-IH")),(((((H46-G46)*1440)/24)*24)/1440*24),0)) | W46: =V46-U46 | X46: =SUM(IF((OR(G46="",H46="")),0,IF((H46<G46),(((H46-G46)*1440)/24)+24,(H46-G46)*1440)/24)*24)/1440*24 | Y46: =R46 | Z46: =(N46+O46+P46+S46) | AA46: =Q46+R46 | AB46: =N46+O46+P46+S46+X46+Y46 | AC46: =(W46-T46)*0.545
E47: =IFERROR(VLOOKUP(D47,Sheet3!A$1:B$50,2,FALSE),"") | Q47: =SUM(IF((OR(A47="Travel-PT",A47="Travel-FS-OH",A47="Travel-FS-IH")),(((((H47-G47)*1440)/24)*24)/1440*24),0)) | W47: =V47-U47 | X47: =SUM(IF((OR(G47="",H47="")),0,IF((H47<G47),(((H47-G47)*1440)/24)+24,(H47-G47)*1440)/24)*24)/1440*24 | Y47: =R47 | Z47: =(N47+O47+P47+S47) | AA47: =Q47+R47 | AB47: =N47+O47+P47+S47+X47+Y47 | AC47: =(W47-T47)*0.545
E48: =IFERROR(VLOOKUP(D48,Sheet3!A$1:B$50,2,FALSE),"") | Q48: =SUM(IF((OR(A48="Travel-PT",A48="Travel-FS-OH",A48="Travel-FS-IH")),(((((H48-G48)*1440)/24)*24)/1440*24),0)) | W48: =V48-U48 | X48: =SUM(IF((OR(G48="",H48="")),0,IF((H48<G48),(((H48-G48)*1440)/24)+24,(H48-G48)*1440)/24)*24)/1440*24 | Y48: =R48 | Z48: =(N48+O48+P48+S48) | AA48: =Q48+R48 | AB48: =N48+O48+P48+S48+X48+Y48 | AC48: =(W48-T48)*0.545
... E52: =IFERROR(VLOOKUP(D52,Sheet3!A$1:B$50,2,FALSE),"") | Q52: =SUM(IF((OR(A52="Travel-PT",A52="Travel-FS-OH",A52="Travel-FS-IH")),(((((H52-G52)*1440)/24)*24)/1440*24),0)) | W52: =V52-U52 | X52: =SUM(IF((OR(G52="",H52="")),0,IF((H52<G52),(((H52-G52)*1440)/24)+24,(H52-G52)*1440)/24)*24)/1440*24 | Y52: =R52 | Z52: =(N52+O52+P52+S52) | AA52: =Q52+R52 | AB52: =N52+O52+P52+S52+X52+Y52 | AC52: =(W52-T52)*0.545
E53: =IFERROR(VLOOKUP(D53,Sheet3!A$1:B$50,2,FALSE),"") | Q53: =SUM(IF((OR(A53="Travel-PT",A53="Travel-FS-OH",A53="Travel-FS-IH")),(((((H53-G53)*1440)/24)*24)/1440*24),0)) | W53: =V53-U53 | X53: =SUM(IF((OR(G53="",H53="")),0,IF((H53<G53),(((H53-G53)*1440)/24)+24,(H53-G53)*1440)/24)*24)/1440*24 | Y53: =R53 | Z53: =(N53+O53+P53+S53) | AA53: =Q53+R53 | AB53: =N53+O53+P53+S53+X53+Y53 | AC53: =(W53-T53)*0.545 | AD53: =(22/1440*24) | AE53: 22 | AF53: 0.5
E54: =IFERROR(VLOOKUP(D54,Sheet3!A$1:B$50,2,FALSE),"") | Q54: =SUM(IF((OR(A54="Travel-PT",A54="Travel-FS-OH",A54="Travel-FS-IH")),(((((H54-G54)*1440)/24)*24)/1440*24),0)) | W54: =V54-U54 | X54: =SUM(IF((OR(G54="",H54="")),0,IF((H54<G54),(((H54-G54)*1440)/24)+24,(H54-G54)*1440)/24)*24)/1440*24 | Y54: =R54 | Z54: =(N54+O54+P54+S54) | AA54: =Q54+R54 | AB54: =N54+O54+P54+S54+X54+Y54 | AC54: =(W54-T54)*0.545 | AD54: =(23/1440*24) | AE54: 23 | AF54: 0.5
E55: =IFERROR(VLOOKUP(D55,Sheet3!A$1:B$50,2,FALSE),"") | Q55: =SUM(IF((OR(A55="Travel-PT",A55="Travel-FS-OH",A55="Travel-FS-IH")),(((((H55-G55)*1440)/24)*24)/1440*24),0)) | W55: =V55-U55 | X55: =SUM(IF((OR(G55="",H55="")),0,IF((H55<G55),(((H55-G55)*1440)/24)+24,(H55-G55)*1440)/24)*24)/1440*24 | Y55: =R55 | Z55: =(N55+O55+P55+S55) | AA55: =Q55+R55 | AB55: =N55+O55+P55+S55+X55+Y55 | AC55: =(W55-T55)*0.545 | AD55: =(24/1440*24) | AE55: 24 | AF55: 0.5
E56: =IFERROR(VLOOKUP(D56,Sheet3!A$1:B$50,2,FALSE),"") | Q56: =SUM(IF((OR(A56="Travel-PT",A56="Travel-FS-OH",A56="Travel-FS-IH")),(((((H56-G56)*1440)/24)*24)/1440*24),0)) | W56: =V56-U56 | X56: =SUM(IF((OR(G56="",H56="")),0,IF((H56<G56),(((H56-G56)*1440)/24)+24,(H56-G56)*1440)/24)*24)/1440*24 | Y56: =R56 | Z56: =(N56+O56+P56+S56) | AA56: =Q56+R56 | AB56: =N56+O56+P56+S56+X56+Y56 | AC56: =(W56-T56)*0.545 | AD56: =(25/1440*24) | AE56: 25 | AF56: 0.5
E57: =IFERROR(VLOOKUP(D57,Sheet3!A$1:B$50,2,FALSE),"") | Q57: =SUM(IF((OR(A57="Travel-PT",A57="Travel-FS-OH",A57="Travel-FS-IH")),(((((H57-G57)*1440)/24)*24)/1440*24),0)) | W57: =V57-U57 | X57: =SUM(IF((OR(G57="",H57="")),0,IF((H57<G57),(((H57-G57)*1440)/24)+24,(H57-G57)*1440)/24)*24)/1440*24 | Y57: =R57 | Z57: =(N57+O57+P57+S57) | AA57: =Q57+R57 | AB57: =N57+O57+P57+S57+X57+Y57 | AC57: =(W57-T57)*0.545 | AD57: =(26/1440*24) | AE57: 26 | AF57: 0.5
E58: =IFERROR(VLOOKUP(D58,Sheet3!A$1:B$50,2,FALSE),"") | Q58: =SUM(IF((OR(A58="Travel-PT",A58="Travel-FS-OH",A58="Travel-FS-IH")),(((((H58-G58)*1440)/24)*24)/1440*24),0)) | W58: =V58-U58 | X58: =SUM(IF((OR(G58="",H58="")),0,IF((H58<G58),(((H58-G58)*1440)/24)+24,(H58-G58)*1440)/24)*24)/1440*24 | Y58: =R58 | Z58: =(N58+O58+P58+S58) | AA58: =Q58+R58 | AB58: =N58+O58+P58+S58+X58+Y58 | AC58: =(W58-T58)*0.545 | AD58: =(27/1440*24) | AE58: 27 | AF58: 0.5
E59: =IFERROR(VLOOKUP(D59,Sheet3!A$1:B$50,2,FALSE),"") | Q59: =SUM(IF((OR(A59="Travel-PT",A59="Travel-FS-OH",A59="Travel-FS-IH")),(((((H59-G59)*1440)/24)*24)/1440*24),0)) | W59: =V59-U59 | X59: =SUM(IF((OR(G59="",H59="")),0,IF((H59<G59),(((H59-G59)*1440)/24)+24,(H59-G59)*1440)/24)*24)/1440*24 | Y59: =R59 | Z59: =(N59+O59+P59+S59) | AA59: =Q59+R59 | AB59: =N59+O59+P59+S59+X59+Y59 | AC59: =(W59-T59)*0.545
E60: =IFERROR(VLOOKUP(D60,Sheet3!A$1:B$50,2,FALSE),"") | Q60: =SUM(IF((OR(A60="Travel-PT",A60="Travel-FS-OH",A60="Travel-FS-IH")),(((((H60-G60)*1440)/24)*24)/1440*24),0)) | W60: =V60-U60 | X60: =SUM(IF((OR(G60="",H60="")),0,IF((H60<G60),(((H60-G60)*1440)/24)+24,(H60-G60)*1440)/24)*24)/1440*24 | Y60: =R60 | Z60: =(N60+O60+P60+S60) | AA60: =Q60+R60 | AB60: =N60+O60+P60+S60+X60+Y60 | AC60: =(W60-T60)*0.545
E61: =IFERROR(VLOOKUP(D61,Sheet3!A$1:B$50,2,FALSE),"") | Q61: =SUM(IF((OR(A61="Travel-PT",A61="Travel-FS-OH",A61="Travel-FS-IH")),(((((H61-G61)*1440)/24)*24)/1440*24),0)) | W61: =V61-U61 | X61: =SUM(IF((OR(G61="",H61="")),0,IF((H61<G61),(((H61-G61)*1440)/24)+24,(H61-G61)*1440)/24)*24)/1440*24 | Y61: =R61 | Z61: =(N61+O61+P61+S61) | AA61: =Q61+R61 | AB61: =N61+O61+P61+S61+X61+Y61 | AC61: =(W61-T61)*0.545
E62: =IFERROR(VLOOKUP(D62,Sheet3!A$1:B$50,2,FALSE),"") | Q62: =SUM(IF((OR(A62="Travel-PT",A62="Travel-FS-OH",A62="Travel-FS-IH")),(((((H62-G62)*1440)/24)*24)/1440*24),0)) | W62: =V62-U62 | X62: =SUM(IF((OR(G62="",H62="")),0,IF((H62<G62),(((H62-G62)*1440)/24)+24,(H62-G62)*1440)/24)*24)/1440*24 | Y62: =R62 | Z62: =(N62+O62+P62+S62) | AA62: =Q62+R62 | AB62: =N62+O62+P62+S62+X62+Y62 | AC62: =(W62-T62)*0.545
E63: =IFERROR(VLOOKUP(D63,Sheet3!A$1:B$50,2,FALSE),"") | Q63: =SUM(IF((OR(A63="Travel-PT",A63="Travel-FS-OH",A63="Travel-FS-IH")),(((((H63-G63)*1440)/24)*24)/1440*24),0)) | W63: =V63-U63 | X63: =SUM(IF((OR(G63="",H63="")),0,IF((H63<G63),(((H63-G63)*1440)/24)+24,(H63-G63)*1440)/24)*24)/1440*24 | Y63: =R63 | Z63: =(N63+O63+P63+S63) | AA63: =Q63+R63 | AB63: =N63+O63+P63+S63+X63+Y63 | AC63: =(W63-T63)*0.545
E64: =IFERROR(VLOOKUP(D64,Sheet3!A$1:B$50,2,FALSE),"") | Q64: =SUM(IF((OR(A64="Travel-PT",A64="Travel-FS-OH",A64="Travel-FS-IH")),(((((H64-G64)*1440)/24)*24)/1440*24),0)) | W64: =V64-U64 | X64: =SUM(IF((OR(G64="",H64="")),0,IF((H64<G64),(((H64-G64)*1440)/24)+24,(H64-G64)*1440)/24)*24)/1440*24 | Y64: =R64 | Z64: =(N64+O64+P64+S64) | AA64: =Q64+R64 | AB64: =N64+O64+P64+S64+X64+Y64 | AC64: =(W64-T64)*0.545
E65: =IFERROR(VLOOKUP(D65,Sheet3!A$1:B$50,2,FALSE),"") | Q65: =SUM(IF((OR(A65="Travel-PT",A65="Travel-FS-OH",A65="Travel-FS-IH")),(((((H65-G65)*1440)/24)*24)/1440*24),0)) | W65: =V65-U65 | X65: =SUM(IF((OR(G65="",H65="")),0,IF((H65<G65),(((H65-G65)*1440)/24)+24,(H65-G65)*1440)/24)*24)/1440*24 | Y65: =R65 | Z65: =(N65+O65+P65+S65) | AA65: =Q65+R65 | AB65: =N65+O65+P65+S65+X65+Y65 | AC65: =(W65-T65)*0.545
E66: =IFERROR(VLOOKUP(D66,Sheet3!A$1:B$50,2,FALSE),"") | Q66: =SUM(IF((OR(A66="Travel-PT",A66="Travel-FS-OH",A66="Travel-FS-IH")),(((((H66-G66)*1440)/24)*24)/1440*24),0)) | W66: =V66-U66 | X66: =SUM(IF((OR(G66="",H66="")),0,IF((H66<G66),(((H66-G66)*1440)/24)+24,(H66-G66)*1440)/24)*24)/1440*24 | Y66: =R66 | Z66: =(N66+O66+P66+S66) | AA66: =Q66+R66 | AB66: =N66+O66+P66+S66+X66+Y66 | AC66: =(W66-T66)*0.545
E67: =IFERROR(VLOOKUP(D67,Sheet3!A$1:B$50,2,FALSE),"") | Q67: =SUM(IF((OR(A67="Travel-PT",A67="Travel-FS-OH",A67="Travel-FS-IH")),(((((H67-G67)*1440)/24)*24)/1440*24),0)) | W67: =V67-U67 | X67: =SUM(IF((OR(G67="",H67="")),0,IF((H67<G67),(((H67-G67)*1440)/24)+24,(H67-G67)*1440)/24)*24)/1440*24 | Y67: =R67 | Z67: =(N67+O67+P67+S67) | AA67: =Q67+R67 | AB67: =N67+O67+P67+S67+X67+Y67 | AC67: =(W67-T67)*0.545
E68: =IFERROR(VLOOKUP(D68,Sheet3!A$1:B$50,2,FALSE),"") | Q68: =SUM(IF((OR(A68="Travel-PT",A68="Travel-FS-OH",A68="Travel-FS-IH")),(((((H68-G68)*1440)/24)*24)/1440*24),0)) | W68: =V68-U68 | X68: =SUM(IF((OR(G68="",H68="")),0,IF((H68<G68),(((H68-G68)*1440)/24)+24,(H68-G68)*1440)/24)*24)/1440*24 | Y68: =R68 | Z68: =(N68+O68+P68+S68) | AA68: =Q68+R68 | AB68: =N68+O68+P68+S68+X68+Y68 | AC68: =(W68-T68)*0.545
E69: =IFERROR(VLOOKUP(D69,Sheet3!A$1:B$50,2,FALSE),"") | Q69: =SUM(IF((OR(A69="Travel-PT",A69="Travel-FS-OH",A69="Travel-FS-IH")),(((((H69-G69)*1440)/24)*24)/1440*24),0)) | W69: =V69-U69 | X69: =SUM(IF((OR(G69="",H69="")),0,IF((H69<G69),(((H69-G69)*1440)/24)+24,(H69-G69)*1440)/24)*24)/1440*24 | Y69: =R69 | Z69: =(N69+O69+P69+S69) | AA69: =Q69+R69 | AB69: =N69+O69+P69+S69+X69+Y69 | AC69: =(W69-T69)*0.545
E70: =IFERROR(VLOOKUP(D70,Sheet3!A$1:B$50,2,FALSE),"") | Q70: =SUM(IF((OR(A70="Travel-PT",A70="Travel-FS-OH",A70="Travel-FS-IH")),(((((H70-G70)*1440)/24)*24)/1440*24),0)) | W70: =V70-U70 | X70: =SUM(IF((OR(G70="",H70="")),0,IF((H70<G70),(((H70-G70)*1440)/24)+24,(H70-G70)*1440)/24)*24)/1440*24 | Y70: =R70 | Z70: =(N70+O70+P70+S70) | AA70: =Q70+R70 | AB70: =N70+O70+P70+S70+X70+Y70 | AC70: =(W70-T70)*0.545
... E85: =IFERROR(VLOOKUP(D85,Sheet3!A$1:B$50,2,FALSE),"") | Q85: =SUM(IF((OR(A85="Travel-PT",A85="Travel-FS-OH",A85="Travel-FS-IH")),(((((H85-G85)*1440)/24)*24)/1440*24),0)) | W85: =V85-U85 | X85: =SUM(IF((OR(G85="",H85="")),0,IF((H85<G85),(((H85-G85)*1440)/24)+24,(H85-G85)*1440)/24)*24)/1440*24 | Y85: =R85 | Z85: =(N85+O85+P85+S85) | AA85: =Q85+R85 | AB85: =N85+O85+P85+S85+X85+Y85 | AC85: =(W85-T85)*0.545
E86: =IFERROR(VLOOKUP(D86,Sheet3!A$1:B$50,2,FALSE),"") | Q86: =SUM(IF((OR(A86="Travel-PT",A86="Travel-FS-OH",A86="Travel-FS-IH")),(((((H86-G86)*1440)/24)*24)/1440*24),0)) | W86: =V86-U86 | X86: =SUM(IF((OR(G86="",H86="")),0,IF((H86<G86),(((H86-G86)*1440)/24)+24,(H86-G86)*1440)/24)*24)/1440*24 | Y86: =R86 | Z86: =(N86+O86+P86+S86) | AA86: =Q86+R86 | AB86: =N86+O86+P86+S86+X86+Y86 | AC86: =(W86-T86)*0.545 | AD86: =(28/1440*24) | AE86: 28 | AF86: 0.5
E87: =IFERROR(VLOOKUP(D87,Sheet3!A$1:B$50,2,FALSE),"") | Q87: =SUM(IF((OR(A87="Travel-PT",A87="Travel-FS-OH",A87="Travel-FS-IH")),(((((H87-G87)*1440)/24)*24)/1440*24),0)) | W87: =V87-U87 | X87: =SUM(IF((OR(G87="",H87="")),0,IF((H87<G87),(((H87-G87)*1440)/24)+24,(H87-G87)*1440)/24)*24)/1440*24 | Y87: =R87 | Z87: =(N87+O87+P87+S87) | AA87: =Q87+R87 | AB87: =N87+O87+P87+S87+X87+Y87 | AC87: =(W87-T87)*0.545 | AD87: =(29/1440*24) | AE87: 29 | AF87: 0.5
E88: =IFERROR(VLOOKUP(D88,Sheet3!A$1:B$50,2,FALSE),"") | Q88: =SUM(IF((OR(A88="Travel-PT",A88="Travel-FS-OH",A88="Travel-FS-IH")),(((((H88-G88)*1440)/24)*24)/1440*24),0)) | W88: =V88-U88 | X88: =SUM(IF((OR(G88="",H88="")),0,IF((H88<G88),(((H88-G88)*1440)/24)+24,(H88-G88)*1440)/24)*24)/1440*24 | Y88: =R88 | Z88: =(N88+O88+P88+S88) | AA88: =Q88+R88 | AB88: =N88+O88+P88+S88+X88+Y88 | AC88: =(W88-T88)*0.545 | AD88: =(30/1440*24) | AE88: 30 | AF88: 0.5
E89: =IFERROR(VLOOKUP(D89,Sheet3!A$1:B$50,2,FALSE),"") | Q89: =SUM(IF((OR(A89="Travel-PT",A89="Travel-FS-OH",A89="Travel-FS-IH")),(((((H89-G89)*1440)/24)*24)/1440*24),0)) | W89: =V89-U89 | X89: =SUM(IF((OR(G89="",H89="")),0,IF((H89<G89),(((H89-G89)*1440)/24)+24,(H89-G89)*1440)/24)*24)/1440*24 | Y89: =R89 | Z89: =(N89+O89+P89+S89) | AA89: =Q89+R89 | AB89: =N89+O89+P89+S89+X89+Y89 | AC89: =(W89-T89)*0.545 | AD89: =(31/1440*24) | AE89: 31 | AF89: 0.75
E90: =IFERROR(VLOOKUP(D90,Sheet3!A$1:B$50,2,FALSE),"") | Q90: =SUM(IF((OR(A90="Travel-PT",A90="Travel-FS-OH",A90="Travel-FS-IH")),(((((H90-G90)*1440)/24)*24)/1440*24),0)) | W90: =V90-U90 | X90: =SUM(IF((OR(G90="",H90="")),0,IF((H90<G90),(((H90-G90)*1440)/24)+24,(H90-G90)*1440)/24)*24)/1440*24 | Y90: =R90 | Z90: =(N90+O90+P90+S90) | AA90: =Q90+R90 | AB90: =N90+O90+P90+S90+X90+Y90 | AC90: =(W90-T90)*0.545 | AD90: =(32/1440*24) | AE90: 32 | AF90: 0.75
E91: =IFERROR(VLOOKUP(D91,Sheet3!A$1:B$50,2,FALSE),"") | Q91: =SUM(IF((OR(A91="Travel-PT",A91="Travel-FS-OH",A91="Travel-FS-IH")),(((((H91-G91)*1440)/24)*24)/1440*24),0)) | W91: =V91-U91 | X91: =SUM(IF((OR(G91="",H91="")),0,IF((H91<G91),(((H91-G91)*1440)/24)+24,(H91-G91)*1440)/24)*24)/1440*24 | Y91: =R91 | Z91: =(N91+O91+P91+S91) | AA91: =Q91+R91 | AB91: =N91+O91+P91+S91+X91+Y91 | AC91: =(W91-T91)*0.545 | AD91: =(33/1440*24) | AE91: 33 | AF91: 0.75
E92: =IFERROR(VLOOKUP(D92,Sheet3!A$1:B$50,2,FALSE),"") | Q92: =SUM(IF((OR(A92="Travel-PT",A92="Travel-FS-OH",A92="Travel-FS-IH")),(((((H92-G92)*1440)/24)*24)/1440*24),0)) | W92: =V92-U92 | X92: =SUM(IF((OR(G92="",H92="")),0,IF((H92<G92),(((H92-G92)*1440)/24)+24,(H92-G92)*1440)/24)*24)/1440*24 | Y92: =R92 | Z92: =(N92+O92+P92+S92) | AA92: =Q92+R92 | AB92: =N92+O92+P92+S92+X92+Y92 | AC92: =(W92-T92)*0.545 | AD92: =(34/1440*24) | AE92: 34 | AF92: 0.75
E93: =IFERROR(VLOOKUP(D93,Sheet3!A$1:B$50,2,FALSE),"") | Q93: =SUM(IF((OR(A93="Travel-PT",A93="Travel-FS-OH",A93="Travel-FS-IH")),(((((H93-G93)*1440)/24)*24)/1440*24),0)) | W93: =V93-U93 | X93: =SUM(IF((OR(G93="",H93="")),0,IF((H93<G93),(((H93-G93)*1440)/24)+24,(H93-G93)*1440)/24)*24)/1440*24 | Y93: =R93 | Z93: =(N93+O93+P93+S93) | AA93: =Q93+R93 | AB93: =N93+O93+P93+S93+X93+Y93 | AC93: =(W93-T93)*0.545 | AD93: =(35/1440*24) | AE93: 35 | AF93: 0.75
E94: =IFERROR(VLOOKUP(D94,Sheet3!A$1:B$50,2,FALSE),"") | Q94: =SUM(IF((OR(A94="Travel-PT",A94="Travel-FS-OH",A94="Travel-FS-IH")),(((((H94-G94)*1440)/24)*24)/1440*24),0)) | W94: =V94-U94 | X94: =SUM(IF((OR(G94="",H94="")),0,IF((H94<G94),(((H94-G94)*1440)/24)+24,(H94-G94)*1440)/24)*24)/1440*24 | Y94: =R94 | Z94: =(N94+O94+P94+S94) | AA94: =Q94+R94 | AB94: =N94+O94+P94+S94+X94+Y94 | AC94: =(W94-T94)*0.545 | AD94: =(36/1440*24) | AE94: 36 | AF94: 0.75
E95: =IFERROR(VLOOKUP(D95,Sheet3!A$1:B$50,2,FALSE),"") | Q95: =SUM(IF((OR(A95="Travel-PT",A95="Travel-FS-OH",A95="Travel-FS-IH")),(((((H95-G95)*1440)/24)*24)/1440*24),0)) | W95: =V95-U95 | X95: =SUM(IF((OR(G95="",H95="")),0,IF((H95<G95),(((H95-G95)*1440)/24)+24,(H95-G95)*1440)/24)*24)/1440*24 | Y95: =R95 | Z95: =(N95+O95+P95+S95) | AA95: =Q95+R95 | AB95: =N95+O95+P95+S95+X95+Y95 | AC95: =(W95-T95)*0.545 | AD95: =(37/1440*24) | AE95: 37 | AF95: 0.75
E96: =IFERROR(VLOOKUP(D96,Sheet3!A$1:B$50,2,FALSE),"") | Q96: =SUM(IF((OR(A96="Travel-PT",A96="Travel-FS-OH",A96="Travel-FS-IH")),(((((H96-G96)*1440)/24)*24)/1440*24),0)) | W96: =V96-U96 | X96: =SUM(IF((OR(G96="",H96="")),0,IF((H96<G96),(((H96-G96)*1440)/24)+24,(H96-G96)*1440)/24)*24)/1440*24 | Y96: =R96 | Z96: =(N96+O96+P96+S96) | AA96: =Q96+R96 | AB96: =N96+O96+P96+S96+X96+Y96 | AC96: =(W96-T96)*0.545 | AD96: =(38/1440*24) | AE96: 38 | AF96: 0.75
E97: =IFERROR(VLOOKUP(D97,Sheet3!A92:B119,2,FALSE),"") | K97: =SUM(K9:K96) | M97: =SUM(M9:M96) | N97: =SUM(N9:N96) | O97: =SUM(O9:O96) | P97: =SUM(P9:P96) | Q97: =SUM(Q9:Q96) | R97: =SUM(R9:R96) | S97: =SUM(S9:S96) | T97: =SUM(T9:T96) | ... AC97: =SUM(AC9:AC96) | AD97: =(39/1440*24) | AE97: 39 | AF97: 0.75
AD98: =(40/1440*24) | AE98: 40 | AF98: 0.75
AD99: =(41/1440*24) | AE99: 41 | AF99: 0.75
AD100: =(42/1440*24) | AE100: 42 | AF100: 0.75
AD101: =(43/1440*24) | AE101: 43 | AF101: 0.75
AD102: =(44/1440*24) | AE102: 44 | AF102: 0.75
AD103: =(45/1440*24) | AE103: 45 | AF103: 0.75
AD104: =(46/1440*24) | AE104: 46 | AF104: 1
AD105: =(47/1440*24) | AE105: 47 | AF105: 1
AD106: =(48/1440*24) | AE106: 48 | AF106: 1
AD107: =(49/1440*24) | AE107: 49 | AF107: 1
AD108: =(50/1440*24) | AE108: 50 | AF108: 1
AD109: =(51/1440*24) | AE109: 51 | AF109: 1
AD110: =(52/1440*24) | AE110: 52 | AF110: 1
AD111: =(53/1440*24) | AE111: 53 | AF111: 1
AD112: =(54/1440*24) | AE112: 54 | AF112: 1
AD113: =(55/1440*24) | AE113: 55 | AF113: 1
AD114: =(56/1440*24) | AE114: 56 | AF114: 1
AD115: =(57/1440*24) | AE115: 57 | AF115: 1
AD116: =(58/1440*24) | AE116: 58 | AF116: 1
AD117: =(59/1440*24) | AE117: 59 | AF117: 1
AD118: =(60/1440*24) | AE118: 60 | AF118: 1
...

Sheet Sheet2
A1: MAIN LIST | E1: PT LIST | G1: FS-OH LIST | I1: FS-IH LIST
A2: PT | B2: 8873 | E2: Prep - Advance Cancel | G2: Prep - Advance Cancel | I2: Prep - Advance Cancel
A3: Travel-PT | B3: 9789 | E3: Prep - Enroute Cancel | G3: Prep - Enroute Cancel | I3: Prep - Enroute Cancel
A4: Travel-PT-Kids | B4: 3773 | E4: Prep - No Show | G4: Prep - No Show | I4: Prep - No Show
A5: FS.OH | B5: 7443 | E5: Virtual | G5: Virtual | I5: Virtual
A6: Travel-FS-OH | B6: 2178
A7: FS.IH | B7: 7171
A8: Travel-FS-IH | B8: 2178 | E8: DT.Breath | G8: DT.Swab | I8: DT.Urine | K8: DT.Patch | M8: DT.Sweat
A9: DT.Breath | E9: Admission | G9: Admission | I9: Admission | K9: Admission | M9: Admission
A10: DT.Swab | E10: Refusal | G10: Refusal | I10: Refusal | K10: Refusal | M10: Refusal
A11: DT.Urine | E11: No Show | G11: No Show | I11: No Show | K11: No Show | M11: No Show
A12: DT.Patch | E12: Negative | G12: Negative | I12: Negative | K12: Negative | M12: Negative
A13: DT.Sweat | E13: Positive for: | G13: Positive for: | I13: Positive for: | K13: Positive for: | M13: Positive for:
E18: STAFF NAMES
A19: DT - Breath | B19: Admission | C19: 15 | E19: Brenda Russell | F19: BR
A20: DT - Swab | B20: Refusal | C20: 15 | E20: Sheila Decker | F20: SD
A21: DT - Urine | B21: No Show | C21: 15 | E21: Pamela Spier-Edmond | F21: PSE
A22: DT - Patch | B22: Negative | C22: 60 | E22: Amanda Weinman | F22: AW
A23: DT - Sweat | B23: Positive for: | C23: 60 | E23: Kris Zeilinger | F23: KZ
E24: Kyle Fox | F24: KF
A25: PT | B25: Prep - Advance Cancellation | C25: 23.5 | E25: Payton Kelly | F25: PK
A26: FS-OH | B26: Prep - Enroute Cancellation | C26: 23.5 | E26: Ronda Cary | F26: RC
A27: FS-IH | B27: Prep - No Show | C27: 23.5 | E27: Sheila Decker | F27: SD
B28: Completed | C28: 47
A30: Comment Box
A31: Enroute Cancel
A32: No Show

Sheet Sheet3
A1: Arou, Agom | B1: 483451
A2: Bartels, Ashley | B2: 698929
A3: Blackeagle, Heather | B3: 162201
A4: Goin, Cierra | B4: 535539
A5: Goodface, Ryan | B5: 334070
A6: Hamner, Jammie | B6: 604045
A7: Harris, Shawntia | B7: 538121
A8: Hussein, Amina | B8: 505390
A9: May, Jalisa | B9: 548161
A10: May, Jalisa | B10: 548161
A11: May, Michael | B11: 548161
A12: Morris, Kyla | B12: 667125
... A15: Wilson, Quianna | B15: 663042
